model,accuracy,balanced_accuracy,f1_weighted,mcc,time_s
Ridge Classifier,0.5491679273827534,0.5295217381613601,0.5427362238289053,0.3121919218357693,0.24074697494506836
Logistic Regression (L1),0.5688350983358548,0.5500509013676701,0.5646080168222621,0.3417756166004283,5.545864820480347
Logistic Regression (ElasticNet),0.5597579425113465,0.5407066526287302,0.5550194506981947,0.3280536274226206,3.4659812450408936
SVC (RBF),0.5809379727685325,0.5699973926155232,0.5841603077685191,0.36784202483070655,2.3772571086883545
SVC (Linear),0.5476550680786687,0.5350184791945357,0.5471785068822967,0.31508271233559787,1.6262798309326172
Decision Tree,0.632375189107413,0.6240400189335414,0.6334594739378581,0.4436767170542707,0.1898801326751709
Random Forest,0.642965204236006,0.6257375225046823,0.6402694243691698,0.45429520572651055,3.2551801204681396
