model,accuracy,balanced_accuracy,f1_weighted,mcc,time_s
Ridge Classifier,0.5748865355521936,0.5561096742141017,0.5684862105554807,0.34933954224626323,0.1614370346069336
Logistic Regression (L1),0.5627836611195158,0.5515546645343353,0.5643572443086529,0.33698383640480806,17.5899441242218
Logistic Regression (ElasticNet),0.5658093797276853,0.5557819377232087,0.5673361676979694,0.34166149382561467,18.577890872955322
SVC (RBF),0.5642965204236006,0.553245244095105,0.5683410527006605,0.3413576812202844,2.774754762649536
SVC (Linear),0.5854765506807866,0.5709529719896744,0.5833078428343844,0.367015123901335,17.04911494255066
Decision Tree,0.632375189107413,0.6251525425427683,0.6335709928522419,0.44286514488353657,0.2358689308166504
Random Forest,0.686838124054463,0.6666389046822269,0.683677804799834,0.518857907877874,3.712656021118164
