model,accuracy,balanced_accuracy,f1_weighted,mcc,time_s
Ridge Classifier,0.6369137670196672,0.6282037231129137,0.6423792858480848,0.4534585717077571,0.4476616382598877
Logistic Regression (L1),0.6641452344931922,0.6557993334749788,0.6657518039136605,0.4926857173730184,90.73155570030212
Logistic Regression (ElasticNet),0.6611195158850227,0.6573054046451009,0.6647270151827481,0.49139453418997703,110.09095907211304
SVC (RBF),0.6565809379727685,0.6450332227206191,0.6555154446746485,0.4805803126086509,11.488730192184448
SVC (Linear),0.6369137670196672,0.6250912815367241,0.6398333756188942,0.44810117259139,7.329951047897339
Decision Tree,0.6202723146747352,0.6051516483562861,0.6229243291928153,0.4243354074335736,0.5724549293518066
Random Forest,0.659606656580938,0.637964533504363,0.6551912338403395,0.47898983873649564,6.224676132202148
