model,accuracy,balanced_accuracy,f1_weighted,mcc,time_s
Ridge Classifier,0.5022692889561271,0.4835469687276082,0.49583633904722324,0.23921499623581174,0.04431509971618652
Logistic Regression (L1),0.49924357034795763,0.49118223982107834,0.5002258348540622,0.24591611489793277,0.17022395133972168
Logistic Regression (ElasticNet),0.5022692889561271,0.4903928366958306,0.5010119460227992,0.24610247848461514,0.22187304496765137
SVC (RBF),0.5718608169440242,0.572611371387958,0.5756097504407002,0.35897643381876426,1.6156830787658691
SVC (Linear),0.49319213313161875,0.47810687269356267,0.48744631130532307,0.22688909034471713,0.8372542858123779
Decision Tree,0.5763993948562783,0.5817711117362503,0.5806607979150872,0.37407565817785965,0.0385899543762207
Random Forest,0.6051437216338881,0.604552886316586,0.6105055897864188,0.41056472314457204,2.5941109657287598
