model,accuracy,balanced_accuracy,f1_weighted,mcc,time_s
Ridge Classifier,0.5779122541603631,0.5631285764986427,0.5778632568850354,0.35982055195070906,0.1742572784423828
Logistic Regression (L1),0.5763993948562783,0.5615336801669043,0.5763782088682645,0.35792523634472184,27.212808847427368
Logistic Regression (ElasticNet),0.5748865355521936,0.5575636504490517,0.5753510506389659,0.353654937437994,11.988638162612915
SVC (RBF),0.5990922844175491,0.5887609331772331,0.6004568930076294,0.39133287782369786,4.252522706985474
SVC (Linear),0.5824508320726173,0.5637839835374729,0.5805751108440371,0.3633608428696376,2.9462928771972656
Decision Tree,0.6021180030257186,0.5868046035041296,0.607167171266613,0.3972553778801173,0.24808430671691895
Random Forest,0.6414523449319214,0.6215967664739682,0.6387185540838014,0.4511602119464081,4.124701023101807
