model,accuracy,balanced_accuracy,f1_weighted,mcc,time_s
Ridge Classifier,0.5279878971255674,0.5121141826021117,0.523885658936071,0.2805634035463627,0.14030218124389648
Logistic Regression (L1),0.5249621785173979,0.5129992689563907,0.526230035492544,0.27966647004493,5.882495403289795
Logistic Regression (ElasticNet),0.5234493192133132,0.5110835601441303,0.5247135967205712,0.27714635912794994,6.0408501625061035
SVC (RBF),0.5279878971255674,0.5105645231381303,0.5150299197049936,0.2854956113710293,2.443371057510376
SVC (Linear),0.5446293494704992,0.5264161546525855,0.5401080460547758,0.30300875436804964,4.045944690704346
Decision Tree,0.6202723146747352,0.6039640816632291,0.6225292390946258,0.4222187160235041,0.07161283493041992
Random Forest,0.6459909228441755,0.6222728136579995,0.6439054609022008,0.45670208016543573,3.0641419887542725
