model,accuracy,balanced_accuracy,f1_weighted,mcc,time_s
Ridge Classifier,0.6157337367624811,0.6094172344025456,0.6180990182460684,0.4214863350270756,0.26299214363098145
Logistic Regression (L1),0.6217851739788199,0.6137424988239074,0.6253515565387329,0.42984671661281687,55.20456600189209
Logistic Regression (ElasticNet),0.6278366111951589,0.618613704977282,0.6306212986415904,0.437591645434631,59.21040105819702
SVC (RBF),0.6187594553706506,0.6081775727743164,0.6218192997354243,0.42216084075373556,8.104308128356934
SVC (Linear),0.6293494704992436,0.6213211249182472,0.6313131457762915,0.4398897551409157,5.687924146652222
Decision Tree,0.6232980332829047,0.61597902011669,0.6259214837687634,0.4319217690536109,0.3395416736602783
Random Forest,0.6475037821482602,0.6304471684160673,0.6455225181213611,0.46084437944702067,5.223442077636719
