model,accuracy,balanced_accuracy,f1_weighted,mcc,time_s
Ridge Classifier,0.6369137670196672,0.6282037231129137,0.6423792858480848,0.4534585717077571,0.42113614082336426
Logistic Regression (L1),0.6641452344931922,0.6557993334749788,0.6657518039136605,0.4926857173730184,92.52935028076172
Logistic Regression (ElasticNet),0.6611195158850227,0.6573054046451009,0.6647270151827481,0.49139453418997703,113.5280990600586
SVC (RBF),0.6565809379727685,0.6450332227206191,0.6555154446746485,0.4805803126086509,11.533331871032715
SVC (Linear),0.6369137670196672,0.6250912815367241,0.6398333756188942,0.44810117259139,7.419830083847046
Decision Tree,0.6202723146747352,0.6051516483562861,0.6229243291928153,0.4243354074335736,0.6027579307556152
Random Forest,0.659606656580938,0.637964533504363,0.6551912338403395,0.47898983873649564,6.471599817276001
