model,accuracy,balanced_accuracy,f1_weighted,mcc,time_s
Ridge Classifier,0.6142208774583964,0.6047305366398187,0.619020042802191,0.4189387646592681,0.4145231246948242
Logistic Regression (L1),0.6263237518910741,0.6200355669927018,0.6298795899625286,0.4386748851914614,88.39994597434998
Logistic Regression (ElasticNet),0.6354009077155824,0.6287381907705974,0.6388146404194726,0.45067283786989903,106.24637198448181
SVC (RBF),0.6565809379727685,0.6452789921173109,0.6565232294384521,0.4805048773042924,11.015252828598022
SVC (Linear),0.6475037821482602,0.6372179933004595,0.6495572763996944,0.46474405408978275,7.002749919891357
Decision Tree,0.6369137670196672,0.6233577731116543,0.6396971661119101,0.4481574699239076,0.5986528396606445
Random Forest,0.6505295007564297,0.628866054162115,0.6463232716942477,0.4642329259064058,6.222991943359375
