model,accuracy,balanced_accuracy,f1_weighted,mcc,time_s
Ridge Classifier,0.6354009077155824,0.6238716006241368,0.6354338813670035,0.4480954637016743,0.17813968658447266
Logistic Regression (L1),0.5990922844175491,0.5851025498690308,0.6010012207659826,0.39095256960947233,36.33575487136841
Logistic Regression (ElasticNet),0.6006051437216339,0.586376633720247,0.6023760218981548,0.39356450319496294,38.44050693511963
SVC (RBF),0.5627836611195158,0.519829904101797,0.5181639607585484,0.32412687009006286,5.561533212661743
SVC (Linear),0.6051437216338881,0.5968740269292568,0.6075835888765133,0.40457532722907663,8.838099002838135
Decision Tree,0.632375189107413,0.6146689314115447,0.6341446702222459,0.4395668845086301,0.28667116165161133
Random Forest,0.659606656580938,0.6374185917723502,0.6569019132931986,0.47790155912697413,4.283082008361816
