model,accuracy,balanced_accuracy,f1_weighted,mcc,time_s
Ridge Classifier,0.5642965204236006,0.547095404026556,0.5614969763102808,0.33481047200695846,0.1558232307434082
Logistic Regression (L1),0.5642965204236006,0.5493954943288398,0.563364763442792,0.33761983495761994,3.968776226043701
Logistic Regression (ElasticNet),0.56732223903177,0.5539435799982354,0.5665526055236371,0.34249664663220836,3.605159044265747
SVC (RBF),0.6369137670196672,0.6261287620621205,0.6384432705366301,0.4486908622260184,3.1045727729797363
SVC (Linear),0.594553706505295,0.5807887595219979,0.5953356551676847,0.38154794434085343,1.9197509288787842
Decision Tree,0.6248108925869894,0.6186864400576552,0.6269153935998051,0.4332041144554575,0.1805582046508789
Random Forest,0.6747352496217852,0.6633258646341464,0.674315397928416,0.5059641538195018,3.7014849185943604
