model,accuracy,balanced_accuracy,f1_weighted,mcc,time_s
Ridge Classifier,0.594553706505295,0.5850681276460435,0.5944063096286941,0.38684960760913956,0.19721698760986328
Logistic Regression (L1),0.6248108925869894,0.6142907485593772,0.6248877927231385,0.4317871622088985,19.22809600830078
Logistic Regression (ElasticNet),0.6157337367624811,0.6044756011722546,0.6157826855586253,0.41749457402107987,9.802731037139893
SVC (RBF),0.6308623298033282,0.6164116059074866,0.6319981897083219,0.4379172867860083,3.0830700397491455
SVC (Linear),0.6217851739788199,0.6137969017625364,0.621543331019783,0.4288618794872939,2.283640146255493
Decision Tree,0.6036308623298033,0.5957162664522729,0.6079692733706769,0.40266740125302397,0.23538804054260254
Random Forest,0.6732223903177005,0.6572808738655008,0.6718681326376323,0.5008403764963807,4.108114004135132
