model,accuracy,balanced_accuracy,f1_weighted,mcc,time_s
Ridge Classifier,0.5143721633888049,0.5079641945575696,0.5180202163133052,0.27120697633026664,0.1665499210357666
Logistic Regression (L1),0.5128593040847201,0.5106693064950778,0.5170515791961218,0.27174210840140667,0.5693120956420898
Logistic Regression (ElasticNet),0.5128593040847201,0.5109901189756,0.5168329039236342,0.2712202864660318,0.7317638397216797
SVC (RBF),0.6006051437216339,0.5912976268053368,0.6001846257976856,0.3971621703575447,2.0866611003875732
SVC (Linear),0.5158850226928896,0.506917547961301,0.5157984348674075,0.2696976822789422,0.8956327438354492
Decision Tree,0.5794251134644478,0.5745860991457618,0.5803058489989968,0.3708102482860059,0.05204606056213379
Random Forest,0.6006051437216339,0.5831685089150261,0.5967733343912898,0.39319788325441496,2.8295130729675293
